reporter,rep_iso
Afghanistan,AFG
Albania,ALB
Algeria,DZA
Andorra,AND
Angola,AGO
Antigua and Barbuda,ATG
Argentina,ARG
Armenia,ARM
Aruba,ABW
Australia,AUS
Austria,AUT
Azerbaijan,AZE
Bahamas,BHS
Bahrain,BHR
Bangladesh,BGD
Barbados,BRB
Belarus,BLR
Belgium,BEL
Belgium-Luxembourg,BEL
Belize,BLZ
Benin,BEN
Bermuda,BMU
Bhutan,BTN
Bolivia (Plurinational State of),BOL
Bosnia Herzegovina,BIH
Botswana,BWA
Brazil,BRA
Brunei Darussalam,BRN
Bulgaria,BGR
Burkina Faso,BFA
Burundi,BDI
Cabo Verde,CPV
Cambodia,KHM
Cameroon,CMR
Canada,CAN
Central African Rep.,CAF
Chile,CHL
China,CHN
"China, Hong Kong SAR",HKG
"China, Macao SAR",MAC
Colombia,COL
Comoros,COM
Congo,COG
Cook Isds,COK
Costa Rica,CRI
Croatia,HRV
Cuba,CUB
Cyprus,CYP
Czech Rep.,CZE
Czechia,CZE
CÃ´te d'Ivoire,CIV
Denmark,DNK
Djibouti,DJI
Dominica,DMA
Dominican Rep.,DOM
Ecuador,ECU
Egypt,EGY
El Salvador,SLV
Eritrea,ERI
Estonia,EST
Ethiopia,ETH
FS Micronesia,FSM
Faeroe Isds,FRO
Fiji,FJI
Finland,FIN
Fmr Sudan,SDN
France,FRA
French Polynesia,PYF
Gabon,GAB
Gambia,GMB
Georgia,GEO
Germany,DEU
Ghana,GHA
Greece,GRC
Greenland,GRL
Grenada,GRD
Guatemala,GTM
Guinea,GIN
Guinea-Bissau,GNB
Guyana,GUY
Haiti,HTI
Honduras,HND
Hungary,HUN
Iceland,ISL
India,IND
Indonesia,IDN
Iran,IRN
Iraq,IRQ
Ireland,IRL
Israel,ISR
Italy,ITA
Jamaica,JAM
Japan,JPN
Jordan,JOR
Kazakhstan,KAZ
Kenya,KEN
Kiribati,KIR
Kuwait,KWT
Kyrgyzstan,KGZ
Lao People's Dem. Rep.,LAO
Latvia,LVA
Lebanon,LBN
Lesotho,LSO
Libya,LBY
Lithuania,LTU
Luxembourg,LUX
Madagascar,MDG
Malawi,MWI
Malaysia,MYS
Maldives,MDV
Mali,MLI
Malta,MLT
Mauritania,MRT
Mauritius,MUS
Mayotte,MYT
Mexico,MEX
Mongolia,MNG
Montenegro,MNE
Montserrat,MSR
Morocco,MAR
Mozambique,MOZ
Myanmar,MMR
Namibia,NAM
Nepal,NPL
Neth. Antilles,ANT
Netherlands,NLD
New Caledonia,NCL
New Zealand,NZL
Nicaragua,NIC
Niger,NER
Nigeria,NGA
Norway,NOR
Oman,OMN
Pakistan,PAK
Palau,PLW
Panama,PAN
Papua New Guinea,PNG
Paraguay,PRY
Peru,PER
Philippines,PHL
Poland,POL
Portugal,PRT
Qatar,QAT
Rep. of Korea,KOR
Rep. of Moldova,MDA
Romania,ROU
Russian Federation,RUS
Rwanda,RWA
Saint Kitts and Nevis,KNA
Saint Lucia,LCA
Saint Vincent and the Grenadines,VCT
Samoa,WSM
Sao Tome and Principe,STP
Saudi Arabia,SAU
Senegal,SEN
Serbia,SRB
Serbia and Montenegro,SCG
Seychelles,SYC
Sierra Leone,SLE
Singapore,SGP
Slovakia,SVK
Slovenia,SVN
So. African Customs Union,ZAF
Solomon Isds,SLB
South Africa,ZAF
Spain,ESP
Sri Lanka,LKA
State of Palestine,PSE
Sudan,SDN
Suriname,SUR
Swaziland,SWZ
Sweden,SWE
Switzerland,CHE
Syria,SYR
TFYR of Macedonia,MKD
Thailand,THA
Timor-Leste,TLS
Togo,TGO
Tonga,TON
Trinidad and Tobago,TTO
Tunisia,TUN
Turkey,TUR
Turkmenistan,TKM
Turks and Caicos Isds,TCA
USA,USA
Uganda,UGA
Ukraine,UKR
United Arab Emirates,ARE
United Kingdom,GBR
United Rep. of Tanzania,TZA
Uruguay,URY
Vanuatu,VUT
Venezuela,VEN
Viet Nam,VNM
Yemen,YEM
Zambia,ZMB
Zimbabwe,ZWE
